id,latitude,longitude,review_scores_rating,review_scores_accuracy,review_scores_cleanliness,review_scores_checkin,review_scores_communication,review_scores_location,review_scores_value,reviews_per_month
1273533,40.69585154,-73.94459877,60,6,4,10,10,2,4,0.05
854253,40.64890062,-73.96872386,60,4,2,10,10,6,6,0.04
2081408,40.66646267,-73.93604663,80,8,8,10,10,6,6,0.03
7785582,40.70068074,-73.91621398,60,8,6,8,8,6,6,0.04
8172653,40.67546805,-73.98591966,80,8,10,10,10,6,10,0.04
4983691,40.72811393,-73.94924845,80,8,6,8,8,6,6,0.04
7002269,40.65887121,-73.94882235,100,8,10,10,10,6,10,0.04
9405124,40.79946741,-73.96399646,60,8,2,4,6,6,6,0.05
19137944,40.66303243,-73.8809805,84,8,8,9,10,6,8,2.46
912376,40.69901296,-73.93966653,89,10,8,10,10,6,8,0.02
2372629,40.83143542,-73.94113441,100,10,10,10,10,6,10,0.03
4068273,40.63483523,-73.95118583,40,10,2,10,10,6,2,0.04
8151605,40.68355319,-73.94129328,80,10,10,10,10,6,10,0.04
7482448,40.68557606,-73.92809948,80,10,10,8,8,6,8,0.04
4738946,40.81615379,-73.95921184,80,10,10,10,10,6,8,0.04
7884731,40.84876625,-73.93515144,80,10,10,6,8,6,8,0.04
8014298,40.66827055,-73.93255309,100,10,10,10,10,6,8,0.04
8302890,40.82872267,-73.94315796,100,10,8,10,10,6,8,0.04
9695491,40.70575591,-73.94408669,80,10,10,10,10,6,10,0.05
4629726,40.70704666,-73.83346307,80,10,10,10,10,6,8,0.05
8955506,40.7256922,-73.95514611,80,10,10,10,10,6,8,0.05
20032903,40.73446017,-73.99290974,60,5,6,7,5,7,7,3
19102380,40.83786454,-73.94441068,60,6,6,9,7,7,4,3
2022308,40.81819873,-73.9553893,90,8,6,8,9,7,8,0.04
3744465,40.80000056,-73.93968494,62,8,6,8,8,7,6,2.27
7708956,40.69174351,-73.94091761,72,8,8,8,8,7,8,2.62
471845,40.68229049,-73.94286642,84,9,7,9,10,7,9,0.05
9207023,40.62401792,-73.97071187,20,2,8,4,6,8,4,0.05
7678730,40.72616669,-73.98496431,80,6,8,10,10,8,8,0.04
6731170,40.80351611,-73.95079048,80,6,6,10,10,8,8,0.04
13671575,40.77393459,-73.93047426,66,7,6,7,8,8,7,2.03
16427691,40.79203164,-73.95013643,68,7,8,7,7,8,7,2.08
830840,40.62907696,-73.95964917,70,8,6,8,6,8,6,0.02
1320749,40.63349528,-73.94956941,91,8,10,10,10,8,8,0.02
3474011,40.70955382,-73.91046441,80,8,10,10,8,8,8,0.03
447766,40.73902991,-73.9797476,80,8,8,8,10,8,10,0.03
4838260,40.71113657,-73.94437569,60,8,8,4,6,8,8,0.04
6576027,40.78368226,-73.94734499,60,8,8,10,10,8,8,0.04
7728222,40.64137568,-73.94814779,80,8,6,10,8,8,8,0.04
8211314,40.7001499,-73.92693045,80,8,8,8,8,8,8,0.04
1466688,40.70901252,-73.95290653,80,8,6,10,10,8,8,0.04
6098975,40.71209263,-73.94142357,80,8,6,10,10,8,8,0.04
5261712,40.72878112,-73.97746699,80,8,8,10,8,8,8,0.04
8663831,40.75818973,-73.93212705,80,8,8,10,8,8,8,0.04
4518046,40.80063994,-73.95688732,80,8,8,8,8,8,8,0.04
787058,40.72858902,-73.98293873,90,8,9,9,10,8,7,0.04
738588,40.59192979,-74.06476426,100,8,10,10,10,8,8,0.04
6759052,40.68674797,-73.94496857,100,8,8,10,10,8,6,0.04
9728203,40.67439997,-73.95902138,80,8,6,10,10,8,8,0.05
9152932,40.69844182,-73.9333983,80,8,8,10,8,8,10,0.05
2326253,40.69606267,-73.93716308,89,8,10,10,9,8,8,0.05
2710442,40.70665897,-73.95060141,90,8,8,10,8,8,8,0.05
9926058,40.70490225,-73.9199973,100,8,10,10,8,8,8,0.05
593320,40.86345358,-73.92039217,89,8,9,9,9,8,9,2.14
18926057,40.68539302,-73.94972781,77,8,8,8,8,8,8,2.17
19062809,40.66495625,-73.93240726,95,8,8,9,10,8,9,2.31
7709799,40.69002839,-73.94024735,78,8,8,9,9,8,8,2.42
18375273,40.80552459,-73.9404295,85,8,9,9,8,8,8,2.75
816503,40.69491967,-73.94883064,81,8,7,9,9,8,8,2.88
84059,40.67591439,-73.94714584,80,9,8,9,10,8,9,0.04
18857472,40.68372523,-73.86527328,70,9,5,9,9,8,9,2.03
422318,40.67875781,-73.90969366,88,9,9,9,9,8,9,2.04
18924273,40.63895191,-73.9086784,94,9,9,10,9,8,9,2.14
729365,40.69383443,-73.94845283,86,9,8,10,9,8,9,2.16
13140929,40.69587316,-73.92965189,81,9,7,9,9,8,9,2.18
5267153,40.68210956,-73.77745885,91,9,9,9,9,8,9,2.18
419373,40.68837621,-73.94192989,91,9,9,10,10,8,9,2.23
7804659,40.65962691,-73.98847237,87,9,9,9,9,8,9,2.25
1042416,40.69235187,-73.93835533,89,9,9,10,10,8,9,2.27
6005910,40.68569391,-73.94358403,85,9,9,9,9,8,9,2.28
15393637,40.7953387,-73.94525604,83,9,9,10,10,8,9,2.29
4462008,40.86814417,-73.85874498,90,9,9,10,10,8,9,2.3
14549226,40.65825755,-73.95036497,92,9,9,10,10,8,9,2.31
4823386,40.74632348,-73.88680533,83,9,8,10,9,8,8,2.32
19378644,40.67625134,-73.942143,80,9,8,8,9,8,8,2.34
12389574,40.69293997,-73.92287146,94,9,10,10,10,8,9,2.36
11841709,40.66145558,-73.95081085,100,9,10,10,10,8,10,2.37
6038028,40.68902152,-73.95063754,81,9,8,9,8,8,8,2.39
6038586,40.69025577,-73.94914064,78,9,8,9,8,8,8,2.42
18520580,40.80449139,-73.95365985,87,9,9,9,9,8,9,2.43
4575364,40.68710725,-73.87336158,88,9,9,10,9,8,9,2.44
12584072,40.62349007,-74.07595861,90,9,9,10,9,8,9,2.44
7746872,40.78823801,-73.94687418,84,9,9,9,9,8,8,2.47
428180,40.67889,-73.91162701,86,9,9,9,9,8,9,2.47
9108196,40.67105991,-73.74833426,85,9,9,9,9,8,9,2.54
1251566,40.68064984,-73.95154338,88,9,9,9,10,8,9,2.57
13863176,40.67500983,-73.89192628,81,9,8,9,9,8,8,2.61
4473156,40.80020482,-73.94078993,88,9,9,10,9,8,9,2.68
5926953,40.69634104,-73.97296231,91,9,9,10,10,8,9,2.68
18877694,40.75364445,-73.81079993,87,9,9,9,10,8,9,2.7
2116059,40.83454067,-73.94224169,88,9,9,9,9,8,9,2.73
17893317,40.80371687,-73.94575114,94,9,10,10,10,8,9,2.73
7473102,40.6578016,-73.92333419,88,9,8,10,10,8,9,2.85
10356916,40.68651133,-73.925789,83,9,8,9,9,8,9,2.93
5262076,40.81616748,-73.95371345,87,9,9,10,9,8,9,2.99
20094293,40.6479619,-73.94749605,93,9,9,10,10,8,9,3
118812,40.67333865,-73.94268891,97,10,10,10,10,8,10,0.01
74860,40.72488266,-73.95017801,100,10,10,10,10,8,10,0.01
842494,40.77885614,-73.98443565,80,10,10,10,10,8,10,0.02
5195409,40.79148104,-73.97828107,80,10,6,8,10,8,8,0.03
4758924,40.69684912,-73.92932655,100,10,10,10,,8,8,0.03
4737930,40.79264477,-73.93897607,100,10,10,10,10,8,10,0.03
4707057,40.82502445,-73.94404129,100,10,10,10,10,8,10,0.03
8009966,40.65290265,-74.00399476,80,10,8,10,10,8,8,0.04
3041280,40.66020488,-73.95043292,80,10,10,8,8,8,8,0.04
7178556,40.71049842,-73.94872206,80,10,10,10,10,8,10,0.04
6823578,40.84871841,-73.93633091,80,10,10,8,10,8,8,0.04
6794912,40.86623489,-73.91993219,80,10,8,10,8,8,10,0.04
7074504,40.67102354,-73.98079878,100,10,10,10,10,8,8,0.04
6973159,40.69360302,-73.94653232,100,10,10,10,10,8,10,0.04
7932428,40.69558937,-73.92783366,100,10,8,10,10,8,10,0.04
3937630,40.69902767,-73.93005135,100,10,6,8,8,8,8,0.04
346579,40.71741514,-73.98312735,100,10,10,10,10,8,10,0.04
9574282,40.7136541,-73.99091122,80,10,8,10,10,8,8,0.05
9046095,40.73208208,-74.00393413,80,10,6,10,10,8,6,0.05
9884516,40.7534167,-73.92370176,80,10,6,10,10,8,8,0.05
9435428,40.79334921,-73.94583358,80,10,8,10,10,8,8,0.05
8770660,40.84478388,-73.94131532,80,10,8,10,10,8,8,0.05
2342957,40.6660931,-73.95038165,90,10,10,10,10,8,10,0.05
1014305,40.67912589,-73.97930631,100,10,10,10,10,8,10,0.05
7074118,40.69815039,-73.9212371,100,10,10,10,10,8,10,0.05
8863296,40.72417044,-73.98390732,100,10,10,10,10,8,10,0.05
19051187,40.68619875,-73.86606347,87,10,10,10,9,8,9,2.05
3616003,40.63980517,-73.9571197,92,10,9,9,10,8,9,2.13
4033444,40.66649226,-73.92854964,94,10,10,10,10,8,9,2.18
1984254,40.79814175,-73.93929389,94,10,9,10,10,8,9,2.21
1317612,40.65393139,-73.95844803,94,10,10,10,10,8,9,2.25
7134343,40.67994795,-73.90921868,93,10,10,10,10,8,10,2.31
8239352,40.72193825,-73.91138173,93,10,10,10,10,8,9,2.33
2385779,40.68842884,-73.93678253,95,10,10,10,10,8,10,2.36
970302,40.68446413,-73.92528627,90,10,9,10,10,8,9,2.38
17325829,40.68336279,-73.95420583,95,10,9,10,10,8,9,2.38
14267222,40.66080856,-73.94963228,92,10,10,10,10,8,10,2.44
4089102,40.68406815,-73.95487121,91,10,9,9,10,8,9,2.46
245504,40.85887508,-73.92886263,95,10,10,10,10,8,10,2.48
18715285,40.67323882,-73.92502289,100,10,10,10,10,8,10,2.5
6462513,40.68520704,-73.93707299,92,10,9,10,9,8,9,2.63
570750,40.67391421,-73.94039426,94,10,10,10,10,8,9,2.7
4309648,40.68567591,-73.9526622,94,10,10,10,10,8,9,2.71
4033521,40.67441275,-73.9237078,93,10,10,10,10,8,9,2.75
6130778,40.78623954,-73.94291729,89,10,8,10,10,8,9,2.79
17700246,40.79477001,-73.93451571,97,10,10,10,10,8,10,2.82
11798453,40.63785704,-73.94432618,93,10,10,10,10,8,10,2.89
19778288,40.69745397,-73.97339404,80,7,7,10,10,9,8,2.14
15266472,40.70487401,-73.93852045,83,8,8,9,10,9,9,2.08
5191938,40.7106956,-73.96037058,83,8,8,9,9,9,8,2.12
2140284,40.79369836,-73.95010124,85,8,7,10,10,9,9,2.17
15536769,40.71609965,-73.99827941,82,8,8,8,9,9,8,2.19
17121485,40.71159002,-73.94158521,73,8,5,9,9,9,8,2.34
19294675,40.73758053,-73.98568591,67,8,6,9,8,9,7,2.37
17239807,40.67203066,-73.92199846,83,8,7,9,8,9,9,2.5
16124627,40.73034972,-73.97863669,84,8,8,9,9,9,9,2.51
13396285,40.69442561,-73.9463597,82,8,7,9,9,9,8,2.66
15984822,40.79523416,-73.94762486,80,8,9,8,9,9,8,2.74
14499172,40.74450388,-73.98604646,78,8,8,9,9,9,8,2.81
6078066,40.72233781,-73.98937696,77,8,8,8,8,9,8,2.84
13551312,40.7615664,-73.9996865,84,8,8,8,7,9,9,2.98
16084355,40.76737679,-73.95400296,80,8,8,9,9,9,9,2.99
302309,40.80688493,-73.94753544,100,9,8,7,9,9,8,0.03
2091367,40.67667438,-73.9572936,70,9,5,10,10,9,7,0.04
3263561,40.75715709,-73.91775395,89,9,9,9,9,9,9,0.05
3265407,40.67303006,-73.96424401,90,9,8,8,9,9,8,0.05
3264684,40.68120457,-74.00115688,90,9,9,9,9,9,7,0.05
11667910,40.807972,-73.94242731,92,9,8,9,10,9,9,2.01
1999109,40.71223212,-73.95201915,87,9,8,9,9,9,9,2.02
3220443,40.72256579,-73.97778563,88,9,8,10,10,9,9,2.02
14826817,40.64087878,-73.96306057,90,9,9,10,10,9,9,2.02
17765841,40.74923248,-73.8056767,92,9,10,9,9,9,9,2.03
5612772,40.74790474,-73.98682786,85,9,8,9,9,9,9,2.04
13075213,40.80267102,-73.95422133,86,9,9,10,10,9,9,2.04
13276614,40.79003721,-73.94703005,91,9,9,9,9,9,9,2.04
4315562,40.71046904,-73.95167956,90,9,9,10,10,9,9,2.05
17366491,40.80020625,-73.96156176,84,9,9,9,10,9,9,2.07
9486111,40.78590507,-73.94831544,92,9,9,10,9,9,9,2.08
8272749,40.69449446,-73.99727436,84,9,8,10,10,9,9,2.1
14323803,40.64386129,-73.9819469,87,9,9,10,9,9,9,2.1
6746977,40.72137549,-73.98376827,90,9,9,10,10,9,9,2.1
8501323,40.68840115,-73.95821644,84,9,9,9,9,9,9,2.12
64365,40.67585691,-73.95154802,95,9,10,10,9,9,10,2.13
1077375,40.75959355,-73.90834891,87,9,9,9,9,9,9,2.14
8152675,40.72995152,-73.98134591,84,9,9,9,8,9,8,2.15
12972533,40.71771843,-73.98881851,88,9,9,9,10,9,9,2.15
18490917,40.75678681,-73.99095801,93,9,9,10,9,9,9,2.16
14795704,40.88541002,-73.85885492,85,9,8,9,10,9,9,2.17
17496320,40.7270096,-73.8702246,98,9,9,9,9,9,9,2.17
1233065,40.71014164,-73.99046565,88,9,8,9,9,9,9,2.19
9668,40.82245163,-73.95103643,88,9,8,9,9,9,9,2.2
562478,40.77081607,-73.95052071,90,9,9,9,10,9,9,2.2
11161938,40.77283552,-73.92491637,91,9,10,9,9,9,9,2.2
2263265,40.80119411,-73.95295403,92,9,9,10,10,9,9,2.2
19947116,40.70753534,-73.90841844,100,9,10,10,10,9,9,2.2
16614276,40.80621356,-73.95667168,84,9,7,10,9,9,9,2.26
17714367,40.72670373,-73.9401331,87,9,8,9,9,9,9,2.26
11240515,40.74838663,-73.99637717,83,9,8,9,9,9,8,2.28
19315591,40.75636449,-73.76281417,87,9,9,10,10,9,8,2.28
8069112,40.78866897,-73.94275459,89,9,9,9,9,9,9,2.28
16546557,40.72197884,-73.98784711,93,9,9,10,10,9,9,2.28
16861746,40.741841,-73.98265035,86,9,8,10,10,9,8,2.29
2748128,40.69819747,-73.92852069,88,9,9,9,9,9,9,2.31
8541991,40.62418591,-73.96287443,93,9,9,9,9,9,9,2.32
15106613,40.78478494,-73.94866028,98,9,10,10,10,9,10,2.32
7286324,40.76310257,-73.92935648,91,9,9,9,9,9,9,2.33
18235030,40.66347863,-73.9880963,94,9,9,9,10,9,10,2.33
8337536,40.81634709,-73.94379108,94,9,9,10,10,9,10,2.33
18655148,40.77232007,-73.95830948,89,9,9,8,9,9,9,2.35
2738669,40.75710025,-73.9187654,93,9,10,10,10,9,9,2.35
7344720,40.79459579,-73.93571705,89,9,9,10,9,9,9,2.37
19926477,40.85476031,-73.88464997,100,9,9,10,10,9,9,2.37
16039736,40.68091605,-73.95336366,82,9,9,10,10,9,9,2.38
11085577,40.76120802,-73.99032967,80,9,8,9,9,9,8,2.39
7144145,40.71043989,-73.91916773,85,9,8,10,10,9,9,2.39
18313139,40.76353999,-73.86712193,83,9,8,10,10,9,8,2.4
12762161,40.75318646,-73.93382998,90,9,9,9,9,9,9,2.41
9485606,40.81041475,-73.9444981,90,9,8,10,10,9,9,2.41
8830586,40.77737701,-73.92203588,84,9,7,9,10,9,9,2.43
7763869,40.66025586,-73.93991968,90,9,9,10,9,9,9,2.43
51485,40.72319439,-73.99200694,86,9,8,9,9,9,9,2.44
9522516,40.75455026,-73.93673731,89,9,9,9,9,9,9,2.44
15867724,40.76827754,-73.95720959,89,9,9,10,9,9,9,2.44
1308841,40.69807993,-73.934721,95,9,10,10,10,9,9,2.45
1091840,40.78859002,-73.9471508,88,9,9,10,10,9,9,2.48
4355379,40.66299685,-73.95730249,93,9,10,10,10,9,9,2.52
333175,40.75439477,-73.91743174,89,9,9,9,9,9,9,2.53
7086539,40.68773682,-73.91549758,88,9,9,10,10,9,9,2.54
19212370,40.77320456,-73.98767778,93,9,9,9,10,9,8,2.54
15307704,40.6568877,-73.95796454,90,9,8,10,9,9,9,2.55
8111575,40.6903478,-73.92981029,82,9,8,9,10,9,8,2.56
19851136,40.6929561,-73.92079265,80,9,7,10,9,9,9,2.57
16393191,40.74785831,-73.99652126,92,9,9,10,10,9,9,2.57
2478441,40.76797469,-73.99396191,93,9,9,10,10,9,9,2.57
16506330,40.75632466,-73.7637184,87,9,8,9,9,9,9,2.58
15600896,40.75204361,-73.93805493,88,9,9,10,9,9,9,2.58
5125051,40.69848685,-73.93684938,91,9,9,10,10,9,9,2.59
4622869,40.7157044,-73.99094191,94,9,10,9,10,9,9,2.59
3835681,40.77478202,-73.91912899,86,9,9,9,9,9,9,2.6
18208335,40.72818975,-73.98087941,90,9,10,9,9,9,9,2.61
16123619,40.75634254,-73.99185591,91,9,10,9,9,9,9,2.62
2508374,40.67349098,-73.76951396,93,9,10,10,10,9,9,2.62
19438842,40.82350113,-73.95359289,100,9,9,9,10,9,10,2.63
9434802,40.69076996,-73.95144977,85,9,9,10,9,9,8,2.66
6169065,40.76423185,-73.92196499,92,9,9,10,10,9,9,2.67
5320325,40.81524159,-73.94751202,91,9,9,9,9,9,9,2.69
3143596,40.68451532,-73.95534617,92,9,9,10,10,9,9,2.69
1668328,40.7108449,-73.94860577,94,9,9,10,10,9,9,2.69
11190698,40.68770873,-73.91720327,90,9,9,10,9,9,9,2.71
16082515,40.73577833,-73.95456707,87,9,8,9,9,9,9,2.72
11982791,40.68611758,-73.94383536,89,9,9,9,9,9,9,2.73
9362344,40.69279218,-73.94190278,89,9,9,9,9,9,9,2.73
4365276,40.70698378,-73.95405595,90,9,9,10,10,9,9,2.73
16766700,40.82818409,-73.93890353,95,9,9,10,10,9,10,2.74
11707920,40.64187856,-73.98041788,89,9,9,10,10,9,9,2.75
6993958,40.70603431,-73.92934938,87,9,9,9,9,9,9,2.76
685006,40.66140849,-73.96175023,93,9,9,10,10,9,9,2.76
14915471,40.67750897,-73.94309821,92,9,8,10,10,9,9,2.79
18407251,40.725707,-73.84944422,93,9,9,10,10,9,9,2.79
7077220,40.74641628,-73.98678834,83,9,9,9,9,9,8,2.81
18542068,40.7422867,-74.00539572,84,9,8,9,9,9,8,2.82
15176427,40.77149546,-73.9522216,89,9,8,10,10,9,9,2.82
152883,40.70697096,-73.96803322,93,9,9,10,9,9,9,2.82
8615137,40.70742688,-73.9257155,95,9,9,10,10,9,9,2.82
17626523,40.69079009,-73.94883191,91,9,8,10,10,9,9,2.83
6778747,40.71734631,-73.99326744,94,9,10,10,10,9,9,2.83
6822471,40.693498,-73.95068395,84,9,9,9,8,9,8,2.86
3425822,40.73578454,-73.92471925,91,9,9,10,10,9,9,2.88
19179961,40.6810591,-73.88915685,96,9,9,10,10,9,10,2.88
828796,40.68673376,-73.96252118,94,9,9,10,10,9,9,2.89
13252254,40.70332068,-73.91838672,92,9,10,9,9,9,9,2.9
4274595,40.80751491,-73.94097087,93,9,9,10,10,9,9,2.9
15553947,40.79571275,-73.94827953,88,9,9,9,9,9,9,2.91
14311699,40.71123117,-73.96147521,91,9,9,10,9,9,9,2.91
13114110,40.6849097,-73.93142798,80,9,8,9,9,9,8,2.93
18877341,40.69671156,-73.92627968,90,9,10,9,8,9,9,2.93
4995993,40.80691415,-73.94871239,84,9,8,9,8,9,9,2.94
14932930,40.68335711,-73.98316341,91,9,9,10,10,9,9,2.95
18638573,40.7668157,-73.90806833,91,9,9,10,9,9,9,2.95
11667123,40.82076621,-73.94536256,93,9,10,10,10,9,9,2.95
15552671,40.83657919,-73.93832598,94,9,9,10,10,9,10,2.95
3534012,40.6970768,-73.92954416,88,9,9,9,9,9,9,2.97
14139921,40.8382786,-73.94372453,88,9,8,9,10,9,9,2.97
18766531,40.68578395,-73.96119088,94,9,9,10,10,9,10,2.97
15187281,40.69874797,-73.93482072,95,9,9,10,10,9,9,2.97
10592845,40.81498306,-73.93650018,84,9,8,9,9,9,9,2.98
620181,40.70333843,-73.90924698,91,9,9,10,10,9,9,2.99
11970301,40.62735295,-74.02343989,93,9,9,10,10,9,9,2.99
20053598,40.71266134,-73.9606867,87,9,7,7,9,9,9,3
19952060,40.79903517,-73.93829055,87,9,9,10,10,9,9,3
1279555,40.78227572,-73.97268554,80,10,7,10,10,9,9,0.04
127387,40.66862433,-73.99259712,100,10,10,10,10,9,10,0.04
1251653,40.80554539,-73.95745651,90,10,10,10,10,9,9,0.05
641012,40.68434945,-73.92424398,100,10,10,10,10,9,10,0.05
595321,40.71316353,-73.94531932,100,10,10,10,10,9,10,0.05
20056846,40.77009868,-73.92969757,100,10,10,10,10,9,10,2
6207473,40.64233402,-73.98019537,91,10,9,9,10,9,9,2.01
3646059,40.71565638,-73.94099512,93,10,9,9,9,9,9,2.01
1479731,40.68007468,-73.96333919,92,10,9,10,10,9,9,2.03
14115645,40.70219334,-73.7329614,95,10,10,9,9,9,10,2.03
6611764,40.75314361,-73.82136145,96,10,10,10,10,9,10,2.03
6546016,40.82588722,-73.95094351,96,10,9,10,10,9,10,2.03
16215908,40.6956684,-73.93161979,96,10,10,10,10,9,10,2.04
8953404,40.76800782,-73.92500852,95,10,10,10,10,9,10,2.05
17545123,40.81631815,-73.90991353,97,10,10,10,10,9,10,2.05
14263451,40.59785432,-73.99817022,93,10,9,9,10,9,10,2.06
14419285,40.76926677,-73.95278296,94,10,10,10,10,9,9,2.07
13153886,40.68144949,-73.9420824,97,10,10,10,10,9,10,2.07
14378148,40.69111528,-73.93899988,97,10,10,10,10,9,10,2.07
4168812,40.68050309,-73.93775116,92,10,10,10,9,9,9,2.08
7715342,40.67350125,-73.93855973,94,10,10,10,10,9,9,2.08
9170129,40.79938741,-73.95470434,96,10,10,10,10,9,10,2.08
13206241,40.81480465,-73.94235092,93,10,10,10,10,9,9,2.09
4347648,40.74784065,-73.81415169,96,10,9,10,10,9,10,2.09
2193945,40.68774879,-73.95209537,97,10,10,10,10,9,10,2.09
4469650,40.80520506,-73.94518515,97,10,10,10,10,9,10,2.1
14186084,40.68259567,-73.91988556,98,10,10,10,10,9,10,2.1
17977439,40.74756109,-73.88193423,92,10,10,9,9,9,9,2.11
11243074,40.67749017,-73.95091201,95,10,10,10,10,9,10,2.11
5050664,40.71847702,-73.9954937,95,10,10,10,10,9,9,2.11
10958463,40.79232072,-73.93972121,95,10,9,10,10,9,9,2.11
7086310,40.8362098,-73.94645727,95,10,10,10,10,9,10,2.11
2848235,40.85710593,-73.91594016,95,10,9,9,10,9,9,2.11
9113032,40.67594392,-73.9483882,96,10,10,10,10,9,10,2.11
2175879,40.76894341,-73.95810051,97,10,10,10,10,9,9,2.11
18802366,40.82401833,-73.94537451,94,10,9,10,9,9,9,2.12
67130,40.6892582,-73.96305833,98,10,10,10,10,9,10,2.12
10233196,40.83472694,-73.9385818,98,10,10,10,10,9,10,2.13
14976299,40.75202558,-73.87381178,87,10,9,10,10,9,9,2.14
18211555,40.69422361,-73.93251387,96,10,10,10,10,9,9,2.14
19848191,40.66611483,-73.93707638,100,10,10,10,10,9,10,2.14
11371099,40.68164352,-73.93497435,98,10,10,10,10,9,10,2.15
13987933,40.76404192,-73.92536257,92,10,9,10,10,9,9,2.17
14594286,40.82957147,-73.94534744,98,10,10,10,10,9,10,2.17
7783855,40.68528004,-73.91572599,96,10,10,10,10,9,9,2.19
9695052,40.63572941,-74.07720141,99,10,9,10,10,9,10,2.19
19176371,40.77321777,-73.95076618,97,10,9,10,10,9,10,2.2
12007456,40.7977632,-73.9382886,98,10,10,10,10,9,10,2.2
4374913,40.8014555,-73.95441322,98,10,10,10,10,9,10,2.21
16025976,40.86006083,-73.90890714,91,10,9,9,9,9,9,2.22
15021331,40.86559184,-73.92174193,98,10,10,10,10,9,10,2.22
8081193,40.75644436,-73.93486293,97,10,10,10,10,9,10,2.23
6692571,40.86823924,-73.92337067,97,10,9,10,10,9,10,2.23
16755891,40.71488875,-73.99458642,98,10,10,10,10,9,9,2.23
3303301,40.68226288,-73.94999197,98,10,10,10,10,9,10,2.24
16146442,40.66838363,-73.93133569,100,10,10,10,10,9,10,2.24
18462291,40.81751891,-73.94161681,96,10,10,8,10,9,10,2.25
7037791,40.687402,-73.93830024,99,10,10,10,10,9,10,2.25
1354973,40.68420237,-73.91769595,92,10,9,10,10,9,9,2.26
2407196,40.81904473,-73.94325286,97,10,10,10,10,9,10,2.26
5858572,40.77540587,-73.92888657,98,10,10,10,10,9,10,2.26
6956274,40.69611877,-73.94993384,98,10,10,10,10,9,10,2.27
3111195,40.68117605,-73.94853755,97,10,10,10,10,9,10,2.28
5051551,40.64603289,-73.9958977,92,10,9,10,10,9,9,2.29
12827022,40.69090126,-73.93954023,97,10,10,10,10,9,10,2.29
12037343,40.7036509,-73.90473051,92,10,10,10,10,9,10,2.3
1843674,40.68674133,-73.95392144,93,10,10,10,10,9,9,2.3
10405694,40.6841316,-73.90730841,96,10,10,10,10,9,10,2.3
13761856,40.82349971,-73.94332381,96,10,10,10,10,9,9,2.3
9325979,40.71377431,-73.99311137,97,10,10,10,10,9,9,2.3
2739793,40.69685543,-73.93041538,98,10,10,10,10,9,10,2.31
4601637,40.80098192,-73.9457414,100,10,10,10,10,9,10,2.31
4974709,40.81938567,-73.95438449,92,10,10,10,10,9,9,2.32
970659,40.83833761,-73.94217942,96,10,10,10,10,9,10,2.32
8115321,40.75525981,-73.86467591,98,10,10,10,10,9,10,2.32
15192082,40.80450303,-73.9485906,94,10,8,10,10,9,9,2.33
222913,40.71238117,-73.98329098,93,10,10,10,10,9,9,2.34
17780048,40.6513606,-73.94418292,97,10,9,10,10,9,10,2.34
1652996,40.68004908,-73.93910899,97,10,10,10,10,9,10,2.34
17358323,40.76978287,-73.73915082,99,10,10,10,10,9,9,2.34
243708,40.70875435,-73.95508134,93,10,9,10,10,9,9,2.35
4783057,40.69503563,-73.92708771,97,10,10,10,10,9,10,2.35
18870541,40.63913434,-73.95430996,94,10,9,9,10,9,9,2.36
11991044,40.69003819,-73.94100687,96,10,10,10,10,9,10,2.36
9096381,40.68281849,-73.93289464,97,10,10,10,10,9,10,2.36
16599323,40.69964453,-73.93729308,97,10,10,10,10,9,9,2.36
17941316,40.75235699,-73.89172305,100,10,10,10,10,9,9,2.36
2478415,40.6807543,-74.0096149,90,10,9,10,9,9,9,2.37
13740470,40.66948742,-73.92837482,93,10,9,10,10,9,10,2.37
258284,40.68618274,-73.96143683,97,10,10,10,10,9,10,2.37
18593003,40.81744918,-73.93674373,90,10,9,10,10,9,9,2.38
18286031,40.70786624,-73.90961493,96,10,10,10,10,9,10,2.38
15203803,40.72846449,-73.9500935,95,10,9,10,10,9,9,2.39
8664611,40.62858991,-74.12271938,97,10,10,10,10,9,10,2.39
19407599,40.8022088,-73.9651437,85,10,6,9,9,9,9,2.4
14414440,40.62535977,-74.07695703,92,10,10,10,10,9,10,2.4
9826628,40.69122062,-73.94001212,95,10,9,10,10,9,9,2.4
17813440,40.81998878,-73.94683077,100,10,10,10,10,9,10,2.4
17450196,40.75275591,-73.93102003,86,10,9,9,9,9,9,2.41
7717598,40.67982384,-73.91347296,94,10,9,10,10,9,9,2.41
10144140,40.68593995,-73.91448092,93,10,9,10,10,9,9,2.43
15774166,40.78697452,-73.94469304,94,10,10,10,10,9,9,2.44
3376999,40.66910533,-73.94823512,95,10,9,10,10,9,9,2.45
16932674,40.69779685,-73.91677152,93,10,9,9,9,9,10,2.46
18175644,40.7693518,-73.89454669,98,10,10,10,10,9,10,2.46
14670685,40.68567729,-73.95165794,93,10,10,9,10,9,10,2.47
12677629,40.67952463,-74.00960609,95,10,9,10,10,9,10,2.47
12223866,40.68882057,-73.95969417,99,10,10,10,10,9,10,2.47
1195198,40.68646582,-73.95908885,97,10,10,10,10,9,10,2.48
11656750,40.81830155,-73.91937953,95,10,10,10,10,9,10,2.49
10038776,40.75164289,-73.87643939,92,10,10,10,10,9,9,2.5
18369887,40.81359725,-73.93605794,96,10,10,10,10,9,10,2.5
2985678,40.65840822,-73.99663663,97,10,10,10,10,9,10,2.5
19786915,40.65765526,-73.72837504,100,10,9,9,10,9,9,2.5
11319227,40.86760613,-73.92717948,93,10,9,10,10,9,9,2.51
18455236,40.70293566,-73.94151643,93,10,9,10,10,9,10,2.52
13319332,40.69344821,-73.96229058,93,10,10,9,10,9,10,2.53
11422056,40.74159718,-73.90684495,93,10,10,9,10,9,9,2.53
4801311,40.71372146,-73.99244679,98,10,10,10,10,9,9,2.53
15745537,40.68914978,-73.95245405,99,10,10,10,10,9,10,2.53
9716234,40.59872326,-73.95429471,96,10,10,10,10,9,10,2.55
14202489,40.66190981,-73.94702749,94,10,9,10,10,9,10,2.56
4227161,40.68542277,-73.95183896,94,10,9,10,10,9,9,2.56
199312,40.71136574,-73.9436216,97,10,9,10,10,9,10,2.56
13700298,40.83619343,-73.94098612,97,10,10,10,10,9,10,2.56
7415905,40.68460171,-73.94478298,99,10,10,10,10,9,10,2.57
6103774,40.79842247,-73.93549238,96,10,10,10,10,9,10,2.58
18916415,40.74792446,-73.98696351,98,10,10,10,10,9,9,2.58
13247203,40.81638928,-73.93860347,98,10,10,10,10,9,10,2.59
983625,40.80420601,-73.94301854,93,10,9,10,10,9,9,2.6
9291783,40.68618137,-73.99931417,96,10,10,10,10,9,9,2.6
4003515,40.70590896,-73.89263554,99,10,10,10,10,9,10,2.6
13978036,40.69646761,-73.92474254,93,10,10,10,10,9,9,2.61
4339924,40.69889855,-73.92904439,96,10,10,10,10,9,9,2.61
4469264,40.71155644,-73.95826203,98,10,10,10,10,9,10,2.61
13939419,40.79914038,-73.95159006,97,10,10,10,10,9,10,2.62
12153428,40.67408777,-73.92606952,95,10,10,10,10,9,10,2.63
19154276,40.72506532,-73.97666625,97,10,10,10,10,9,10,2.63
20034806,40.71557908,-73.96170981,93,10,9,10,9,9,9,2.65
8419216,40.76487263,-73.92167223,93,10,9,10,10,9,9,2.65
11575101,40.69548872,-73.92248899,93,10,9,10,10,9,9,2.66
4859407,40.67079432,-73.9908316,94,10,10,10,10,9,9,2.66
16544552,40.72310031,-73.94054249,97,10,10,10,10,9,10,2.66
13168419,40.69447178,-73.94516351,98,10,10,10,10,9,10,2.66
12600938,40.8011825,-73.9451316,97,10,10,10,10,9,10,2.67
4188351,40.69388803,-73.93058089,96,10,10,10,10,9,9,2.68
15647980,40.68774155,-73.8593006,98,10,10,10,10,9,10,2.68
8444555,40.77371721,-73.91450245,92,10,10,10,9,9,9,2.7
3712330,40.68958189,-73.91261632,95,10,10,10,10,9,9,2.7
16692402,40.68886141,-73.91906259,99,10,10,10,10,9,10,2.7
17269114,40.7364291,-73.95494503,98,10,10,10,10,9,10,2.71
15735286,40.73641722,-73.86432339,91,10,9,10,10,9,10,2.72
19733889,40.82663891,-73.9497848,85,10,9,10,10,9,9,2.73
2725385,40.70939901,-73.95758579,93,10,9,10,10,9,9,2.73
9230523,40.65689742,-73.95703063,95,10,10,10,10,9,9,2.73
19170106,40.766514,-73.81075209,100,10,10,10,10,9,10,2.73
12857265,40.8085152,-73.94078061,90,10,10,9,9,9,9,2.74
9260415,40.86617344,-73.84800324,96,10,10,10,10,9,10,2.75
15867248,40.78600346,-73.9457119,99,10,10,10,10,9,10,2.75
14660126,40.72573325,-73.98144451,92,10,9,10,9,9,9,2.76
12233692,40.66945674,-73.95306349,94,10,10,10,10,9,10,2.76
17095846,40.692404,-73.93485469,95,10,10,10,10,9,10,2.76
1467106,40.69301228,-73.94551302,95,10,9,10,10,9,9,2.76
1654301,40.71189685,-73.99638182,95,10,10,10,10,9,10,2.76
7771351,40.84423498,-73.83601896,97,10,10,10,10,9,10,2.76
19569728,40.69517827,-73.95046917,93,10,10,10,10,9,9,2.77
3531681,40.7965868,-73.94841796,97,10,10,10,10,9,10,2.77
756767,40.72106248,-73.97907732,95,10,9,10,10,9,10,2.78
13082788,40.69125632,-73.94375947,97,10,10,10,10,9,10,2.78
2188204,40.67891506,-73.95156115,98,10,10,10,10,9,10,2.78
19943515,40.69174645,-73.90296142,87,10,7,10,10,9,10,2.79
10086969,40.67321722,-73.94690159,95,10,9,10,9,9,10,2.79
6540907,40.68626015,-73.97138356,92,10,10,10,10,9,9,2.8
11604005,40.67852672,-74.00962929,96,10,10,10,10,9,10,2.8
6360639,40.70364738,-73.90351004,96,10,9,10,10,9,10,2.82
9433088,40.70850645,-73.94243664,94,10,9,10,10,9,9,2.84
17027468,40.81338673,-73.96018391,95,10,10,10,10,9,10,2.84
15839869,40.59376428,-73.79995534,96,10,10,10,10,9,9,2.84
9434105,40.79733026,-73.93988002,99,10,10,10,10,9,10,2.84
5491803,40.80668018,-73.94233415,95,10,10,10,10,9,9,2.86
4787527,40.79637386,-73.93371289,98,10,10,10,10,9,10,2.86
15190865,40.70777754,-73.9488362,98,10,10,10,10,9,10,2.88
10054070,40.75398456,-73.93497838,91,10,9,10,10,9,9,2.89
17495819,40.85337502,-73.93231987,100,10,10,10,10,9,10,2.89
17362069,40.65937643,-73.94355188,93,10,10,10,9,9,10,2.9
6237974,40.6820016,-73.92245979,97,10,10,10,10,9,10,2.9
16533954,40.67672634,-73.95311048,98,10,10,10,10,9,9,2.9
1881556,40.68413082,-73.92693494,95,10,10,10,10,9,10,2.91
8504873,40.72980369,-73.97910341,96,10,10,10,10,9,10,2.91
11361106,40.66234316,-73.99811478,98,10,10,10,10,9,10,2.91
16086086,40.81722745,-73.93615458,95,10,10,10,10,9,10,2.92
19197632,40.74740533,-73.8814898,100,10,9,10,10,9,9,2.92
15844782,40.65815471,-73.98171868,97,10,10,10,10,9,10,2.93
4070025,40.70451637,-73.98582794,97,10,10,10,10,9,9,2.93
12386579,40.87132947,-73.91562423,97,10,10,10,10,9,9,2.93
16349381,40.6816302,-73.92848276,98,10,9,10,10,9,10,2.93
16400914,40.70549442,-73.94325568,98,10,10,10,10,9,10,2.93
9378184,40.69665577,-73.95844042,98,10,10,10,10,9,10,2.94
17497867,40.70772172,-73.94125632,90,10,8,10,10,9,9,2.95
18270109,40.70457222,-73.91602956,91,10,10,10,10,9,9,2.95
6180121,40.82121923,-73.92772939,96,10,10,10,10,9,10,2.95
16254609,40.59153439,-73.79166459,91,10,10,9,10,9,9,2.96
15508132,40.68768797,-73.96603968,92,10,10,10,10,9,9,2.96
18933100,40.68015716,-73.94133834,91,10,9,10,10,9,9,2.97
2739112,40.70826184,-73.9486953,97,10,10,10,10,9,10,2.98
13183816,40.69068169,-73.91418424,98,10,10,10,10,9,10,2.98
518960,40.82823066,-73.94691479,95,10,10,10,10,9,10,2.99
16285996,40.6839312,-73.94966639,99,10,10,10,10,9,10,2.99
20031768,40.75954722,-73.9335966,87,10,8,10,10,9,9,3
18086664,40.67358088,-73.93501508,93,10,7,10,10,9,8,3
7321292,40.73541708,-73.99353933,40,2,8,4,6,10,8,0.04
9345523,40.72280381,-73.98352239,20,2,2,8,6,10,2,0.05
7798489,40.71981725,-73.99107275,60,4,4,8,10,10,8,0.04
4663804,40.76793474,-73.98816748,60,4,6,10,10,10,4,0.04
9844047,40.64689443,-73.97445811,40,4,2,10,10,10,8,0.05
10035098,40.77844998,-73.97985166,80,4,8,10,10,10,8,0.05
6421335,40.71488746,-73.99168199,80,6,8,10,10,10,10,0.04
9811997,40.72719857,-73.98670821,80,6,10,10,10,10,6,0.05
2144319,40.67176667,-73.9522056,80,8,8,10,10,10,10,0.02
2141635,40.72356336,-74.00304629,80,8,8,10,10,10,8,0.02
518566,40.77108169,-73.95967242,80,8,6,8,8,10,8,0.02
2397441,40.71210177,-73.9438416,86,8,8,10,8,10,8,0.02
4624070,40.7154663,-73.95118429,60,8,2,10,10,10,8,0.04
668400,40.86185515,-73.92701482,60,8,4,10,10,10,6,0.04
7699542,40.76101554,-73.9612352,80,8,8,10,10,10,8,0.04
6805513,40.76279298,-73.92619511,80,8,6,10,10,10,8,0.04
57740,40.73011592,-73.99052581,93,8,9,10,10,10,9,0.04
6741094,40.74797903,-73.98139918,100,8,10,10,10,10,10,0.04
7124926,40.68841784,-73.9725378,80,8,6,10,10,10,8,0.05
10033879,40.70739428,-73.9424714,80,8,8,10,10,10,10,0.05
6121290,40.84995821,-73.93813084,80,8,6,10,10,10,8,0.05
3563047,40.72673955,-74.00304734,83,8,8,9,9,10,9,2.22
16543032,40.74066869,-74.00013455,84,8,7,9,9,10,9,2.39
14843394,40.76768102,-73.98433714,80,8,8,9,9,10,8,2.55
18931595,40.80214343,-73.95657963,83,8,8,10,9,10,8,2.61
16652830,40.7640806,-73.99130383,82,8,8,8,8,10,9,2.83
18399865,40.7268116,-73.98400893,83,8,7,9,9,10,8,3
1299549,40.60330884,-73.95779187,90,9,8,10,10,10,10,0.04
83081,40.72981119,-73.95094259,93,9,8,7,10,10,9,0.04
2136200,40.72883669,-73.99045875,100,9,10,10,10,10,9,0.04
2203154,40.73087245,-73.98713318,80,9,7,9,10,10,8,0.05
2838335,40.76310624,-73.92921703,90,9,9,10,10,10,10,0.05
671022,40.72307581,-73.83964043,93,9,9,9,10,10,10,0.05
2536263,40.69364498,-73.9400038,96,9,10,10,9,10,9,0.05
3504289,40.73877165,-73.9817092,96,9,8,10,10,10,10,0.05
8535434,40.72792169,-74.0032275,92,9,9,10,10,10,9,2.03
18891018,40.75043901,-73.99819678,97,9,8,10,10,10,9,2.05
3498038,40.7283893,-74.00089861,89,9,8,10,10,10,9,2.06
17764327,40.76510603,-73.98724665,91,9,9,10,9,10,9,2.06
204598,40.72522185,-74.00233899,93,9,9,10,10,10,9,2.08
799836,40.74319236,-74.00232512,89,9,9,8,8,10,9,2.09
15788373,40.67269468,-73.95444017,92,9,9,10,10,10,9,2.09
13530399,40.74365439,-73.91691317,95,9,10,10,10,10,9,2.09
509989,40.64228649,-73.96547571,96,9,9,10,10,10,9,2.1
18415094,40.71465972,-73.96279343,93,9,9,10,10,10,10,2.13
15890547,40.72311063,-73.94110481,93,9,9,10,10,10,9,2.14
10984016,40.67913381,-73.98139458,93,9,9,10,9,10,9,2.2
926020,40.73585976,-74.00727194,87,9,8,10,10,10,9,2.23
16560007,40.76523083,-73.9764156,92,9,9,9,9,10,9,2.24
319724,40.71394114,-73.96267051,93,9,8,10,10,10,9,2.24
1069266,40.75782794,-73.96383123,90,9,8,10,10,10,9,2.26
11591546,40.74485467,-73.98468355,93,9,9,10,10,10,9,2.26
9712126,40.73303845,-73.98429514,95,9,10,10,10,10,9,2.26
17604305,40.76234424,-73.98835025,85,9,9,9,8,10,9,2.28
1212045,40.69876684,-73.98961375,92,9,9,10,10,10,9,2.28
14840260,40.76277317,-73.99328805,91,9,9,10,10,10,9,2.29
3216335,40.68193114,-73.97635654,93,9,9,10,10,10,9,2.29
18270023,40.71230711,-73.94366513,93,9,9,9,10,10,9,2.29
11504516,40.7259307,-74.00079616,85,9,8,9,9,10,8,2.3
11015593,40.7477802,-73.98716242,87,9,9,9,9,10,9,2.3
17029206,40.77200461,-73.98252754,91,9,9,10,9,10,9,2.3
17117146,40.76184839,-73.96141221,83,9,9,9,9,10,9,2.31
19014069,40.71843864,-73.99200151,90,9,9,9,9,10,10,2.31
18987899,40.68181651,-73.96738766,96,9,10,10,10,10,10,2.31
2105618,40.74318246,-73.99622865,87,9,8,9,9,10,9,2.32
15535918,40.72811808,-73.97966652,90,9,9,9,10,10,9,2.33
941642,40.76662191,-73.99302313,91,9,9,9,9,10,9,2.33
10654319,40.76124182,-73.96761549,90,9,9,9,10,10,9,2.34
1935502,40.74171096,-73.95445391,92,9,9,10,10,10,9,2.35
14359772,40.68786614,-73.95332374,96,9,10,10,10,10,9,2.35
15216398,40.71622372,-73.94273209,95,9,9,10,10,10,10,2.36
360400,40.74553429,-73.98942588,93,9,9,10,10,10,9,2.37
18565097,40.70556269,-73.92891915,96,9,10,10,10,10,9,2.37
16194815,40.818163,-73.94544455,92,9,9,10,10,10,9,2.39
14430876,40.74759154,-73.98900306,92,9,10,10,10,10,9,2.41
18151577,40.6802193,-73.95406138,94,9,9,9,10,10,9,2.41
15992206,40.73427945,-73.99612222,97,9,10,10,10,10,10,2.41
17813764,40.57583894,-73.96840656,92,9,10,10,9,10,9,2.42
14944166,40.7599206,-73.98738725,92,9,9,10,10,10,9,2.42
16468692,40.70506746,-73.985185,97,9,10,10,10,10,10,2.43
19767472,40.70624924,-73.83579288,85,9,9,10,10,10,8,2.45
18269478,40.72235597,-73.98363395,91,9,9,10,10,10,8,2.46
12053021,40.72899029,-73.98669673,87,9,9,9,9,10,9,2.47
11459958,40.71213496,-73.95653702,95,9,10,10,10,10,9,2.51
107630,40.72910688,-73.95492736,94,9,9,10,10,10,9,2.54
19071061,40.75735026,-73.98486455,90,9,10,10,10,10,10,2.55
11377330,40.762307,-73.98820368,92,9,9,9,10,10,9,2.55
16201781,40.78091492,-73.97530137,91,9,10,10,9,10,9,2.56
2011942,40.73848671,-74.00199625,88,9,9,9,9,10,9,2.57
18221952,40.77751104,-73.90902311,93,9,10,10,10,10,9,2.57
17139605,40.74598148,-73.99463945,86,9,9,10,10,10,8,2.59
4308612,40.76502028,-73.98932016,88,9,8,10,10,10,9,2.59
9807848,40.71065178,-73.9630198,94,9,9,10,10,10,9,2.6
14295171,40.72921393,-74.00101216,94,9,9,10,10,10,9,2.6
19057149,40.75785029,-73.99202514,93,9,10,10,10,10,10,2.61
1045491,40.71454097,-73.95070233,93,9,9,10,9,10,9,2.63
5918653,40.73703734,-73.99519543,88,9,9,10,9,10,9,2.64
4774496,40.77791892,-73.95389674,91,9,9,10,10,10,9,2.65
4956469,40.75830163,-73.77231548,96,9,10,10,10,10,9,2.65
683518,40.72944589,-73.98257662,90,9,9,9,10,10,9,2.67
7515787,40.70499243,-74.01532705,89,9,8,9,9,10,9,2.7
6238781,40.75695231,-73.99005383,86,9,8,10,10,10,9,2.72
660812,40.73088269,-73.95734873,89,9,9,9,9,10,9,2.72
11292338,40.80111058,-73.95548443,90,9,9,9,9,10,9,2.72
16440192,40.74837011,-73.99638542,90,9,9,10,10,10,9,2.73
4564695,40.72081638,-73.98952266,91,9,9,10,9,10,9,2.74
14332210,40.78254859,-73.95122682,95,9,10,10,10,10,9,2.74
14522699,40.73998223,-73.98590596,92,9,10,10,10,10,10,2.77
18560301,40.72305312,-73.9951924,96,9,10,9,9,10,10,2.77
17476104,40.71441527,-73.95665774,93,9,9,10,10,10,9,2.78
11970778,40.73164341,-73.95322565,89,9,9,10,9,10,9,2.79
2487848,40.71116323,-73.96077618,92,9,9,10,10,10,9,2.8
17135432,40.71656065,-73.95635809,93,9,9,9,9,10,9,2.8
9904223,40.7612748,-73.97208891,90,9,9,9,9,10,9,2.82
6132757,40.68300724,-73.96374997,91,9,9,10,10,10,9,2.82
11511603,40.72631444,-73.99276017,89,9,9,9,9,10,9,2.83
17531493,40.79917378,-73.96765185,92,9,10,10,10,10,9,2.83
9453653,40.71212843,-73.95658726,96,9,10,10,10,10,9,2.85
16003303,40.75968161,-73.99250538,88,9,8,9,9,10,9,2.87
12188768,40.76592873,-73.97826668,89,9,9,10,9,10,9,2.88
18810731,40.79742199,-73.96157409,90,9,9,10,10,10,9,2.88
2012104,40.81615263,-73.9615636,92,9,8,9,10,10,9,2.88
14570670,40.77581618,-73.9791337,93,9,8,10,10,10,10,2.91
16133477,40.73607187,-73.99027265,95,9,10,10,9,10,10,2.91
17838439,40.78567081,-73.97427105,91,9,9,10,9,10,9,2.93
7269771,40.73050468,-73.98043185,84,9,9,9,9,10,8,2.96
18895382,40.78721713,-73.95203084,87,9,8,10,10,10,10,2.97
5534747,40.79334911,-73.97224405,89,9,9,10,10,10,9,2.97
6045552,40.73049831,-73.98431555,91,9,9,10,10,10,9,2.99
20183883,40.76335667,-73.98645995,87,9,10,10,9,10,9,3
19385839,40.76611542,-73.98903992,87,9,7,10,9,10,8,3
10482554,40.74973359,-73.99515077,91,9,9,10,10,10,9,3
17632840,40.57582116,-73.98575755,92,9,10,10,9,10,9,3
6329973,40.75730899,-73.98479082,93,9,9,10,10,10,9,3
229874,40.66293194,-73.9983289,100,10,10,10,10,10,10,0.01
804861,40.68468384,-73.96226474,100,10,10,10,10,10,10,0.02
290123,40.73988316,-73.99926763,100,10,10,10,10,10,10,0.02
2060275,40.80796786,-73.93685905,100,10,10,10,10,10,10,0.02
1778676,40.83606087,-73.94401959,100,10,10,10,10,10,10,0.02
4479556,40.74681152,-73.94586352,80,10,8,10,10,10,10,0.03
4494705,40.65187791,-74.00610893,100,10,10,10,10,10,10,0.03
3323247,40.66271837,-73.98077873,100,10,10,10,10,10,10,0.03
5579147,40.66419512,-73.98435206,100,10,10,10,10,10,10,0.03
4846877,40.67277858,-73.95688045,100,10,8,10,10,10,10,0.03
594521,40.68554288,-73.98590509,100,10,10,10,10,10,10,0.03
3797183,40.68558162,-73.98149657,100,10,10,10,10,10,10,0.03
4933727,40.68739989,-73.98568722,100,10,10,10,10,10,10,0.03
5038299,40.68752453,-73.97950035,100,10,10,10,10,10,10,0.03
796217,40.69272012,-73.97235133,100,10,10,10,10,10,10,0.03
5359410,40.69830409,-73.92606855,100,10,8,10,10,10,10,0.03
385657,40.70400082,-73.93285123,100,10,10,9,10,10,10,0.03
5719058,40.71085978,-73.94609973,100,10,10,10,10,10,10,0.03
4546721,40.71171131,-73.94574904,100,10,10,6,10,10,10,0.03
4294640,40.71613414,-73.95335788,100,10,10,10,10,10,10,0.03
4796592,40.72805728,-73.95601114,100,10,10,10,10,10,10,0.03
3895289,40.7282948,-73.95353729,100,10,10,10,10,10,10,0.03
5084887,40.72949628,-73.98398257,100,10,10,10,10,10,10,0.03
2804989,40.74405032,-73.91502418,100,10,10,10,10,10,10,0.03
4375146,40.76575491,-73.92091916,100,10,10,10,10,10,10,0.03
5213963,40.80302116,-73.93476043,100,10,10,10,10,10,10,0.03
2804557,40.8050404,-73.96454176,100,10,10,10,10,10,10,0.03
1390964,40.80925167,-73.91752796,100,10,10,10,10,10,10,0.03
4862476,40.81676898,-73.95669426,100,10,10,10,10,10,10,0.03
6316666,40.67173278,-73.97724329,60,10,10,6,10,10,8,0.04
8032689,40.67874,-73.96841962,80,10,6,10,10,10,10,0.04
6388047,40.68098395,-73.95108239,80,10,10,10,10,10,8,0.04
7094619,40.74489717,-73.97959228,80,10,10,10,8,10,10,0.04
7434420,40.74981282,-73.97860409,80,10,10,10,10,10,8,0.04
3093104,40.85768367,-73.92677559,80,10,10,10,10,10,10,0.04
47370,40.74030591,-73.99998757,90,10,10,10,10,10,10,0.04
120945,40.71413879,-73.94979442,97,10,10,10,10,10,9,0.04
532398,40.77073273,-73.95900253,97,10,9,10,10,10,10,0.04
1292553,40.68701074,-73.98421952,99,10,10,9,10,10,10,0.04
6967861,40.62084307,-74.03738723,100,10,10,10,10,10,10,0.04
6015754,40.63675521,-73.96713306,100,10,10,10,10,10,10,0.04
6104951,40.64684723,-73.94999704,100,10,10,10,10,10,10,0.04
8548407,40.66539423,-73.92919225,100,10,10,10,10,10,10,0.04
6451892,40.66682655,-73.99308385,100,10,10,10,10,10,10,0.04
6356359,40.67193784,-73.9724709,100,10,10,8,10,10,10,0.04
6622389,40.67370465,-73.9591275,100,10,10,10,10,10,10,0.04
1349187,40.67421108,-73.95039572,100,10,10,10,10,10,10,0.04
3971534,40.67845166,-73.99982675,100,10,10,10,10,10,10,0.04
2569108,40.68238984,-73.93808205,100,10,10,10,10,10,10,0.04
1171021,40.68340056,-73.95614036,100,10,10,10,10,10,10,0.04
6690696,40.68623336,-73.96754536,100,10,10,8,10,10,10,0.04
6638377,40.68710889,-73.97469628,100,10,10,10,10,10,10,0.04
6302460,40.68728158,-73.94103926,100,10,8,10,10,10,10,0.04
188803,40.68882068,-73.97630801,100,10,10,10,10,10,10,0.04
6908603,40.68955728,-73.95890479,100,10,10,10,10,10,10,0.04
8030123,40.68972534,-73.98562581,100,10,10,10,10,10,10,0.04
8408768,40.69367593,-73.97320653,100,10,10,10,10,10,10,0.04
6420850,40.69435305,-73.93294248,100,10,8,10,10,10,10,0.04
8443516,40.69785271,-73.91238064,100,10,10,10,10,10,10,0.04
3354367,40.69846472,-73.99312097,100,10,8,10,10,10,8,0.04
6501271,40.70493221,-74.00859833,100,10,10,10,10,10,10,0.04
4501609,40.71061483,-74.00998128,100,10,10,10,10,10,8,0.04
6644449,40.71082273,-73.94275659,100,10,10,10,10,10,10,0.04
6539114,40.711454,-73.9530231,100,10,10,10,10,10,10,0.04
9095082,40.71292048,-73.99018255,100,10,10,10,10,10,10,0.04
8762969,40.71318708,-73.9926537,100,10,10,10,10,10,10,0.04
2189119,40.71344609,-74.00550858,100,10,10,10,10,10,10,0.04
9037702,40.71434355,-73.99341774,100,10,10,10,10,10,10,0.04
4809457,40.71474296,-73.94538549,100,10,10,10,10,10,10,0.04
706347,40.7179565,-73.95439355,100,10,10,10,10,10,10,0.04
6911862,40.71892637,-73.96306112,100,10,10,10,10,10,10,0.04
1940780,40.72318297,-73.94930589,100,10,10,10,10,10,10,0.04
8335547,40.72341525,-73.98871449,100,10,10,10,8,10,10,0.04
6717076,40.72708754,-74.00035599,100,10,10,10,8,10,10,0.04
8236539,40.72783719,-73.94937389,100,10,10,10,10,10,10,0.04
1306966,40.72804848,-73.99871487,100,10,10,10,10,10,10,0.04
8825701,40.72922015,-73.95134233,100,10,10,10,10,10,10,0.04
1541129,40.72990617,-73.99859557,100,10,10,10,10,10,10,0.04
4452641,40.73003097,-73.99065794,100,10,10,10,10,10,10,0.04
820218,40.73131103,-73.98609197,100,10,10,10,10,10,10,0.04
6188022,40.73163147,-73.95434492,100,10,10,10,10,10,10,0.04
6748873,40.73168738,-73.95834053,100,10,10,10,10,10,8,0.04
8106902,40.73284136,-73.98510905,100,10,10,10,10,10,10,0.04
8311468,40.73469765,-73.95726788,100,10,10,10,10,10,10,0.04
7316104,40.73620292,-73.95691464,100,10,10,10,8,10,10,0.04
6364280,40.7370731,-74.005241,100,10,10,10,10,10,10,0.04
8568841,40.73716695,-73.99447301,100,10,10,10,10,10,10,0.04
7454585,40.74084699,-73.98153001,100,10,10,8,10,10,10,0.04
7867805,40.74085542,-73.98029702,100,10,10,10,10,10,10,0.04
6179500,40.74173609,-73.97877825,100,10,10,10,10,10,10,0.04
8845002,40.74197155,-74.00408595,100,10,10,10,10,10,8,0.04
7637047,40.74558794,-73.98325234,100,10,10,10,10,10,10,0.04
8368928,40.74716052,-73.97607113,100,10,10,10,10,10,10,0.04
1623431,40.75129945,-73.97239445,100,10,10,10,10,10,10,0.04
8427028,40.75547615,-73.99705784,100,10,10,10,10,10,10,0.04
7387919,40.76170536,-73.99477919,100,10,10,10,10,10,10,0.04
7815865,40.76387166,-73.98021177,100,10,10,10,8,10,8,0.04
7052402,40.76404139,-73.98080653,100,10,10,8,10,10,8,0.04
6185175,40.76518,-73.97860343,100,10,10,10,8,10,10,0.04
6869940,40.77199484,-73.93159184,100,10,10,10,10,10,10,0.04
6070899,40.77684302,-73.97978716,100,10,10,10,10,10,10,0.04
6373790,40.79744942,-73.96915521,100,10,10,10,10,10,10,0.04
7561686,40.82380823,-73.92724587,100,10,10,10,10,10,10,0.04
7574438,40.83450127,-73.9428216,100,10,10,10,10,10,10,0.04
7308924,40.83472894,-73.94479219,100,10,10,10,10,10,10,0.04
5298458,40.85341376,-73.93180761,100,10,10,10,10,10,10,0.04
7799893,40.63349093,-74.10059108,80,10,10,6,8,10,10,0.05
9387120,40.72313684,-73.98066166,80,10,8,8,10,10,8,0.05
9559239,40.72703814,-73.99954092,80,10,10,10,8,10,8,0.05
10133195,40.74156965,-73.88389068,80,10,6,10,8,10,8,0.05
9219588,40.75854767,-73.91020731,80,10,10,10,10,10,10,0.05
10272718,40.7859324,-73.94168746,80,10,6,10,10,10,10,0.05
9596551,40.79681609,-73.94876457,80,10,6,10,10,10,10,0.05
9911083,40.8152578,-73.95905425,80,10,4,8,10,10,8,0.05
3016623,40.81139382,-73.93886044,90,10,9,10,10,10,10,0.05
10340994,40.62317388,-74.0253474,100,10,10,10,10,10,10,0.05
9786021,40.63655333,-73.95423614,100,10,10,10,10,10,10,0.05
9545059,40.6586208,-73.95776735,100,10,10,6,10,10,10,0.05
6718383,40.66057643,-73.933834,100,10,10,10,10,10,10,0.05
10388543,40.6608812,-73.99118528,100,10,10,10,8,10,10,0.05
2816854,40.66377239,-73.98461419,100,10,10,10,10,10,10,0.05
9629672,40.6671286,-73.97732683,100,10,10,10,10,10,10,0.05
8808863,40.67423598,-73.97716771,100,10,10,10,10,10,10,0.05
8775324,40.67552746,-73.94194742,100,10,10,10,10,10,8,0.05
1617264,40.67615201,-73.94925604,100,10,10,10,10,10,10,0.05
3483278,40.6768455,-73.94588946,100,10,8,10,10,10,10,0.05
1559460,40.67802444,-73.99299819,100,10,10,10,10,10,10,0.05
9462694,40.68177176,-73.99392568,100,10,8,8,10,10,10,0.05
4795831,40.68880489,-73.98716989,100,10,10,10,10,10,10,0.05
7741661,40.69022297,-73.93817948,100,10,10,10,10,10,10,0.05
3737847,40.70009599,-73.91204122,100,10,10,10,10,10,10,0.05
7919303,40.70097801,-73.92673649,100,10,10,10,10,10,10,0.05
9902315,40.70264015,-73.92671695,100,10,10,10,10,10,10,0.05
10170115,40.7058051,-74.00810551,100,10,10,8,10,10,10,0.05
10499892,40.70999262,-73.95151945,100,10,10,10,10,10,10,0.05
9275200,40.71006786,-73.95676704,100,10,10,10,10,10,10,0.05
9063266,40.71255639,-73.95224234,100,10,10,10,10,10,10,0.05
10068269,40.71274484,-73.94513202,100,10,10,10,10,10,10,0.05
10062378,40.71496906,-73.99247792,100,10,10,10,10,10,10,0.05
10166986,40.71551771,-73.93868834,100,10,8,10,10,10,10,0.05
4745212,40.71717015,-73.95688116,100,10,10,10,10,10,10,0.05
9907257,40.71758563,-73.98419769,100,10,10,10,10,10,10,0.05
3095348,40.71769545,-73.94612036,100,10,9,10,10,10,9,0.05
9878369,40.71971615,-73.99631839,100,10,10,10,10,10,10,0.05
9978426,40.7243137,-73.98312336,100,10,10,10,10,10,10,0.05
10113787,40.72485256,-74.00253653,100,10,10,10,10,10,10,0.05
9874418,40.72514794,-73.93969957,100,10,10,10,10,10,10,0.05
8761013,40.72612717,-74.00825636,100,10,10,10,10,10,10,0.05
18361390,40.77826867,-73.97672591,100,10,10,10,10,10,9,2
12380704,40.77903375,-73.91935864,100,10,10,10,10,10,10,2
19960443,40.78170182,-73.94730995,100,10,10,10,10,10,10,2
18613550,40.78545727,-73.94117044,100,10,10,10,10,10,10,2
19586475,40.79674236,-73.93925806,100,10,10,10,10,10,10,2
19227532,40.79929322,-73.94605471,100,10,10,10,10,10,10,2
18970307,40.81410135,-73.96198532,100,10,10,10,10,10,10,2
10539779,40.72833897,-73.98048454,94,10,10,10,10,10,9,2.01
4157451,40.76805292,-73.95424279,97,10,10,10,10,10,10,2.01
12760402,40.71401085,-73.9517321,98,10,9,10,10,10,10,2.01
16963988,40.76962194,-73.9612897,98,10,10,10,10,10,10,2.01
15126483,40.77004634,-73.91011399,100,10,10,10,10,10,10,2.01
1660971,40.77433749,-73.98835496,95,10,10,10,10,10,9,2.02
12962798,40.72858693,-73.98347569,99,10,10,10,10,10,10,2.02
18358666,40.69461026,-73.92874418,90,10,9,9,9,10,10,2.03
18211025,40.81652108,-73.94341973,90,10,9,10,9,10,9,2.03
15122925,40.61238143,-73.99804686,93,10,10,10,10,10,10,2.03
15343336,40.72797071,-73.98406136,96,10,10,10,10,10,9,2.03
10983426,40.7214713,-73.86316644,96,10,10,10,10,10,10,2.04
4270499,40.76368716,-73.92290727,98,10,10,10,10,10,10,2.05
17333187,40.7690405,-73.94867843,98,10,10,10,10,10,10,2.05
6094597,40.84962407,-73.93994269,99,10,10,10,10,10,10,2.05
19713074,40.68697894,-73.99864014,100,10,10,10,10,10,10,2.05
4334446,40.66309624,-73.98603245,99,10,10,10,10,10,10,2.06
14176286,40.72520561,-73.95574526,99,10,10,10,10,10,10,2.06
6077178,40.75958332,-73.990503,94,10,10,10,10,10,9,2.07
791191,40.73336013,-74.00178352,95,10,9,10,10,10,9,2.07
17938933,40.71256501,-73.95899683,98,10,10,10,9,10,10,2.07
17286647,40.72644697,-73.98591125,98,10,10,10,10,10,9,2.07
8864262,40.73479371,-74.00550923,98,10,10,10,10,10,9,2.07
15901758,40.70419714,-74.00861325,100,10,10,10,10,10,10,2.07
13601150,40.77445469,-73.90930366,89,10,8,10,10,10,9,2.08
4594993,40.78046917,-73.9757267,93,10,9,10,10,10,9,2.08
15004091,40.70650308,-73.95568086,95,10,9,10,10,10,10,2.08
16436077,40.6881988,-73.96299107,97,10,10,10,10,10,10,2.08
13140220,40.77504316,-73.94944954,97,10,10,10,10,10,9,2.08
18163050,40.71248486,-73.95349117,98,10,10,10,10,10,10,2.08
15494542,40.74817127,-73.97595439,98,10,9,10,10,10,9,2.08
17666300,40.72318045,-74.00223127,100,10,10,10,10,10,10,2.08
19179997,40.7765944,-73.92172932,100,10,10,10,10,10,10,2.08
7951281,40.68857305,-73.97384942,99,10,10,10,10,10,10,2.09
33009,40.71491956,-73.95935138,99,10,10,10,10,10,10,2.09
19505214,40.72228922,-73.98643465,100,10,9,9,9,10,10,2.09
19055470,40.72476066,-73.84356149,100,10,10,10,10,10,10,2.09
19961368,40.73942145,-73.9811686,100,10,10,10,10,10,10,2.09
784169,40.73186228,-74.00328718,94,10,9,10,10,10,9,2.1
5651944,40.77789445,-73.95730888,95,10,10,10,9,10,10,2.1
7718452,40.68333104,-73.9936877,96,10,10,10,10,10,10,2.1
1245479,40.70840274,-73.94153176,99,10,10,10,10,10,10,2.1
18488335,40.81249817,-73.94150759,100,10,9,10,10,10,10,2.1
4564840,40.72312324,-73.98254511,90,10,8,9,9,10,9,2.11
16860045,40.76813844,-73.89573491,98,10,9,10,10,10,10,2.11
19055863,40.60913276,-73.96197652,100,10,10,10,10,10,10,2.11
7279024,40.71705594,-73.99875662,96,10,9,10,10,10,10,2.12
15419574,40.74628919,-73.95199335,100,10,10,10,10,10,10,2.12
292047,40.73908037,-74.00377769,96,10,10,10,10,10,10,2.13
6130145,40.74315102,-73.9173334,98,10,10,10,10,10,10,2.13
17927240,40.67503341,-73.96110756,100,10,10,10,10,10,10,2.13
8665205,40.70970553,-74.00966686,94,10,9,10,10,10,10,2.14
15126948,40.72609023,-73.98795489,97,10,10,10,10,10,10,2.14
535631,40.75642794,-73.96936796,97,10,10,10,10,10,10,2.14
15532499,40.76617474,-73.98670428,98,10,10,10,10,10,10,2.14
19383519,40.72784042,-74.00046373,100,10,10,9,9,10,9,2.14
15814363,40.72460844,-73.98171768,96,10,9,10,10,10,10,2.15
8012976,40.70725892,-74.0059329,97,10,10,10,10,10,10,2.15
15216703,40.71348418,-73.9913475,95,10,9,10,10,10,9,2.16
17073948,40.76799435,-73.92976509,97,10,9,10,10,10,10,2.16
7900908,40.73517909,-73.98047289,98,10,10,10,10,10,10,2.16
18824535,40.74749934,-73.98481606,97,10,10,10,10,10,9,2.17
8167266,40.7216153,-73.99454033,97,10,10,10,10,10,9,2.18
15009565,40.7188879,-73.95991471,98,10,9,10,10,10,10,2.18
4280150,40.64184315,-73.96615535,96,10,10,10,10,10,10,2.19
8663101,40.79359539,-73.97441832,96,10,10,10,10,10,10,2.19
15704213,40.71916469,-74.01177025,99,10,10,10,10,10,10,2.19
10225827,40.74973365,-73.99725064,99,10,10,10,10,10,10,2.19
16775597,40.68814348,-73.99194998,86,10,9,9,8,10,9,2.2
1106320,40.72707867,-73.98514559,95,10,9,10,10,10,9,2.21
7206568,40.79720139,-73.96921834,98,10,10,10,10,10,10,2.21
15663513,40.76753535,-73.96165875,99,10,10,10,9,10,10,2.21
17788183,40.77997958,-73.97428016,100,10,10,10,10,10,10,2.21
7397916,40.72434675,-73.98324964,94,10,9,10,10,10,9,2.22
18680725,40.74241252,-73.92072503,94,10,10,10,10,10,10,2.22
18194759,40.71793386,-73.99145372,95,10,10,10,10,10,10,2.22
9346752,40.7609832,-73.98427458,97,10,10,10,10,10,9,2.22
6990,40.78962413,-73.94802016,97,10,10,10,10,10,10,2.22
11740163,40.72137612,-73.95756706,98,10,9,10,10,10,10,2.22
14667640,40.7513637,-73.8569504,98,10,10,10,10,10,10,2.22
3768977,40.76402959,-73.92162301,95,10,9,10,10,10,10,2.23
7331958,40.73528819,-74.00323112,96,10,10,10,10,10,9,2.23
17975077,40.70760931,-73.94453682,98,10,10,10,10,10,10,2.23
14694588,40.75577052,-73.83263466,98,10,10,10,10,10,10,2.23
19478246,40.68973911,-73.91255918,100,10,10,10,10,10,10,2.24
18650087,40.82250346,-73.94492552,100,10,10,10,10,10,9,2.24
16489186,40.67149015,-73.9520251,97,10,10,10,10,10,10,2.25
13459691,40.71696013,-73.95727492,98,10,10,10,10,10,10,2.25
18486698,40.70112994,-73.91385439,100,10,10,10,10,10,10,2.25
19136921,40.81644253,-73.94126962,100,10,10,10,10,10,10,2.25
9473760,40.74181318,-73.98143787,95,10,10,10,10,10,9,2.26
14841838,40.75494742,-73.8777399,96,10,10,10,10,10,9,2.26
18208285,40.76888885,-73.95480331,100,10,10,10,10,10,10,2.26
15098786,40.72687604,-74.00219883,92,10,10,10,10,10,9,2.27
19568922,40.84741799,-73.9414465,92,10,8,9,9,10,9,2.27
2615065,40.71650152,-73.94842277,95,10,10,10,10,10,10,2.27
2071446,40.71955309,-73.96048798,96,10,9,10,10,10,10,2.27
19245930,40.68640678,-73.86635422,100,10,10,10,10,10,10,2.27
19071262,40.72642047,-73.85958592,92,10,8,10,10,10,9,2.28
17231011,40.73047686,-73.85331076,96,10,9,10,10,10,10,2.28
14856799,40.74624387,-73.83528349,93,10,9,10,10,10,10,2.29
15664037,40.73850196,-73.98781638,94,10,10,10,10,10,9,2.29
8691711,40.70910526,-73.95286786,96,10,10,10,10,10,9,2.29
19103012,40.68066557,-73.94090912,80,10,10,8,7,10,9,2.31
19501157,40.74070068,-73.99238143,95,10,10,10,10,10,10,2.31
3677769,40.74189437,-73.92374993,97,10,10,10,10,10,10,2.31
17237922,40.70721141,-73.95340696,98,10,10,10,10,10,10,2.31
14960623,40.73295564,-74.00619905,98,10,10,10,10,10,10,2.31
19433834,40.67001964,-73.99158241,100,10,10,10,10,10,10,2.31
18733946,40.70301516,-74.01106706,100,10,10,10,10,10,10,2.31
18077983,40.7446939,-73.99987502,100,10,9,10,10,10,9,2.31
19485371,40.82581681,-73.94875982,100,10,9,10,10,10,10,2.31
16517301,40.7850713,-73.97228006,93,10,9,10,10,10,9,2.32
15927523,40.71462824,-73.9647424,96,10,10,10,10,10,10,2.32
16869999,40.81609476,-73.93662607,98,10,10,10,10,10,10,2.32
13614173,40.72201625,-73.9887949,99,10,10,10,10,10,10,2.32
5883069,40.72221562,-73.99849277,97,10,10,10,10,10,9,2.33
5567278,40.73271755,-74.0060743,90,10,9,10,10,10,9,2.34
17668540,40.75868977,-73.96179733,91,10,9,9,10,10,9,2.34
18037392,40.6715756,-73.97472438,95,10,10,10,10,10,10,2.34
3958460,40.77322907,-73.98013552,96,10,10,10,10,10,9,2.34
1255828,40.783225,-73.98105209,96,10,10,10,10,10,10,2.34
726465,40.71926994,-73.95590939,99,10,10,10,10,10,10,2.34
19532907,40.66949635,-73.92226336,100,10,10,10,10,10,10,2.34
17270768,40.7238512,-73.94579929,100,10,10,10,10,10,10,2.34
19825152,40.71110224,-73.94870471,95,10,10,10,10,10,10,2.35
5639483,40.76285216,-73.94983719,97,10,10,10,10,10,9,2.35
326908,40.78522692,-73.9753239,97,10,9,10,10,10,9,2.35
18649806,40.76848301,-73.93212629,100,10,10,10,10,10,10,2.35
14136127,40.73402854,-74.00256266,93,10,9,10,10,10,8,2.36
14341121,40.70595118,-73.83517882,96,10,10,10,10,10,10,2.36
5797246,40.69281896,-73.96686725,97,10,10,10,10,10,10,2.36
17387776,40.70004832,-73.91551492,98,10,10,10,10,10,10,2.36
17367289,40.59745483,-73.76032346,100,10,9,10,10,10,10,2.36
19762625,40.72207708,-73.99365343,93,10,9,7,9,10,10,2.37
9404508,40.7625918,-74.00014877,98,10,10,10,10,10,10,2.37
17843852,40.79448772,-73.97039378,98,10,10,10,10,10,10,2.37
14824492,40.71310507,-73.95448404,99,10,10,10,10,10,10,2.37
11400327,40.76428282,-73.99193447,99,10,10,10,10,10,9,2.37
19751244,40.62194061,-74.02483297,100,10,10,10,10,10,10,2.37
14111092,40.82446021,-73.94318095,96,10,9,10,10,10,10,2.39
4431247,40.74725579,-74.00213249,98,10,9,10,10,10,10,2.39
12485862,40.71173184,-73.96645627,99,10,10,10,10,10,10,2.39
19845637,40.70897912,-73.96121148,90,10,8,10,10,10,8,2.4
8192443,40.71595673,-73.96215011,93,10,9,10,10,10,9,2.4
19574956,40.68301001,-73.94756945,95,10,10,10,10,10,10,2.4
19190170,40.82807435,-73.94729205,95,10,10,10,10,10,10,2.4
6957168,40.68153,-74.00160022,96,10,10,10,10,10,9,2.4
15866751,40.71138398,-73.9418664,96,10,9,10,10,10,10,2.4
19266147,40.67822267,-73.9713323,100,10,10,10,10,10,10,2.4
11724873,40.75926212,-73.99304473,100,10,10,10,10,10,10,2.4
18107141,40.72222098,-74.0009014,97,10,10,10,10,10,9,2.41
8838932,40.68506194,-73.97363139,95,10,10,10,10,10,9,2.42
19522085,40.70266367,-73.9127483,95,10,9,10,10,10,9,2.42
12902256,40.71365827,-73.98798847,96,10,10,10,10,10,9,2.42
17095296,40.73571421,-73.95371907,98,10,10,10,10,10,10,2.42
10083973,40.71139165,-73.96001962,99,10,10,10,10,10,10,2.42
19475130,40.83586907,-73.93734495,100,10,10,9,10,10,10,2.42
19304453,40.75543998,-73.99406414,88,10,10,10,10,10,10,2.43
12301489,40.7363039,-73.98691444,94,10,9,10,10,10,9,2.43
9402952,40.76691945,-73.96798202,97,10,10,10,10,10,10,2.43
19894733,40.67304674,-73.92957688,100,10,10,10,10,10,10,2.43
2117705,40.71257592,-73.96391564,100,10,10,10,10,10,9,2.43
19862056,40.7136539,-73.94330761,100,10,10,10,10,10,10,2.43
16899058,40.72549961,-74.00258242,100,10,10,10,10,10,10,2.43
19949135,40.80419402,-73.95472753,100,10,10,10,10,10,10,2.43
18240957,40.66761603,-73.75555334,91,10,9,10,10,10,10,2.44
6966985,40.80100484,-73.96647137,95,10,9,10,10,10,10,2.44
4908634,40.68528376,-73.97528025,96,10,10,10,10,10,10,2.44
13880972,40.76600501,-73.9916737,99,10,9,10,10,10,10,2.44
18288595,40.74749679,-73.99399292,91,10,9,10,10,10,9,2.45
18272753,40.70765007,-73.92159185,93,10,9,10,10,10,10,2.45
19609161,40.78324384,-73.94870508,95,10,9,9,10,10,10,2.45
82638,40.72399166,-73.98374493,96,10,9,10,10,10,9,2.45
467866,40.73122801,-74.00590749,97,10,10,10,10,10,10,2.45
14774206,40.8009345,-73.96009844,99,10,10,10,10,10,10,2.45
16618049,40.7047623,-73.92194607,96,10,10,10,10,10,10,2.46
209310,40.73826439,-73.92457903,97,10,10,10,10,10,10,2.46
19450906,40.69214751,-73.96692272,100,10,9,10,10,10,10,2.46
18853435,40.75575074,-73.93235796,94,10,9,10,10,10,10,2.47
4083306,40.74338822,-73.99774859,96,10,10,10,10,10,9,2.47
18975570,40.73844921,-73.99787318,98,10,10,10,10,10,9,2.47
6237443,40.67553706,-73.96834678,97,10,9,10,10,10,10,2.48
13371699,40.65867282,-73.97970592,99,10,10,10,10,10,10,2.48
17347938,40.75651159,-73.91484766,100,10,10,10,10,10,10,2.48
10070145,40.71400349,-73.96394879,98,10,10,10,10,10,10,2.49
19055578,40.72772215,-73.95240431,90,10,9,10,10,10,9,2.5
18987249,40.67269194,-73.94725719,93,10,10,10,10,10,10,2.5
19143826,40.72674671,-73.95540485,93,10,10,10,10,10,9,2.5
19963027,40.7284669,-74.00277546,100,10,10,10,10,10,10,2.5
17881830,40.73277844,-74.0066565,100,10,10,10,10,10,10,2.5
19519312,40.76549217,-73.98657455,100,10,8,10,10,10,10,2.5
10595000,40.6668035,-73.97713472,95,10,9,10,10,10,10,2.51
10488112,40.73075954,-73.95705812,95,10,10,9,9,10,9,2.51
5396323,40.72887381,-73.98599153,98,10,10,10,10,10,10,2.51
13117480,40.67328541,-73.96291154,95,10,10,10,10,10,9,2.52
2231296,40.72925707,-73.99890442,96,10,9,10,10,10,9,2.52
17805997,40.67177996,-73.9586825,97,10,10,10,10,10,10,2.52
16358975,40.76618337,-73.9872076,100,10,10,9,10,10,10,2.52
17189510,40.72581897,-73.98040042,97,10,10,10,10,10,10,2.53
13996905,40.77816543,-73.9487807,99,10,10,10,10,10,10,2.53
4575812,40.82741932,-73.95010398,95,10,9,10,10,10,10,2.54
14397802,40.70669985,-73.94635648,96,10,9,10,9,10,10,2.54
18472354,40.72699009,-73.98147668,96,10,10,10,10,10,9,2.54
11452070,40.73133166,-74.00458523,96,10,9,10,10,10,10,2.54
19122452,40.73160397,-74.00261724,100,10,10,10,10,10,10,2.54
19011068,40.81450936,-73.94477599,100,10,10,10,10,10,10,2.54
2055819,40.71588793,-73.95533501,95,10,9,10,10,10,9,2.55
16897875,40.74701206,-74.00447796,95,10,10,10,10,10,9,2.55
4481295,40.71933244,-73.95110701,96,10,10,10,10,10,10,2.55
14913941,40.67564411,-73.95497491,97,10,9,10,10,10,10,2.55
19049100,40.74689124,-73.9776293,97,10,10,10,10,10,10,2.56
12403816,40.76058234,-73.99602606,97,10,10,10,10,10,10,2.56
13083733,40.75500761,-73.97061797,98,10,10,10,10,10,10,2.56
17729392,40.83747665,-73.94277682,92,10,8,10,10,10,10,2.57
13055236,40.74688354,-73.978127,95,10,9,10,10,10,10,2.57
13376594,40.71396479,-74.00650473,91,10,9,10,10,10,9,2.58
16718498,40.70867226,-73.94061027,97,10,9,10,10,10,10,2.58
746088,40.71954812,-73.99706423,94,10,9,10,10,10,9,2.59
15411988,40.76042928,-73.99500302,100,10,10,10,10,10,10,2.59
15292103,40.7054783,-73.92410796,97,10,10,9,10,10,10,2.6
7750695,40.77935971,-73.9778697,99,10,10,10,10,10,10,2.6
18750494,40.7083329,-73.9553419,100,10,10,10,10,10,10,2.6
18615903,40.70904446,-73.93980018,98,10,9,10,10,10,10,2.61
17994239,40.6928878,-73.95892353,100,10,10,10,10,10,10,2.61
19766312,40.76363327,-73.93032805,100,10,10,10,10,10,10,2.61
16063885,40.80761249,-73.95416138,100,10,10,10,10,10,10,2.61
19751140,40.81589178,-73.93824068,100,10,10,10,10,10,10,2.61
15560394,40.57310049,-74.09459485,99,10,10,10,10,10,10,2.62
13129905,40.77743972,-73.9569689,97,10,10,10,10,10,10,2.63
1205103,40.69485593,-73.97132441,98,10,10,10,10,10,10,2.63
15406819,40.79588425,-73.93749961,98,10,10,10,10,10,10,2.63
16676113,40.72890852,-74.00497366,99,10,10,10,10,10,10,2.63
19715377,40.77855993,-73.98748246,100,10,10,10,10,10,10,2.63
2728126,40.68204851,-73.98736039,93,10,10,10,10,10,9,2.64
1645196,40.67178914,-73.97247857,100,10,10,10,10,10,10,2.64
858223,40.7381764,-73.99769757,93,10,10,10,10,10,9,2.65
11159781,40.74961575,-73.8997114,96,10,10,10,10,10,10,2.65
13829927,40.74581951,-73.91233443,98,10,10,10,10,10,10,2.65
19982386,40.74278501,-74.00193376,100,10,10,10,10,10,10,2.65
19058675,40.84202318,-73.94171479,90,10,10,10,10,10,10,2.67
13446124,40.81353378,-73.95878213,93,10,9,10,10,10,9,2.67
19861583,40.76867779,-73.95457991,95,10,9,10,10,10,10,2.67
1171635,40.74493724,-73.98011308,96,10,10,10,10,10,9,2.67
15037541,40.72640531,-73.94476784,99,10,10,10,10,10,10,2.67
19876727,40.7020412,-73.92591547,100,10,10,10,10,10,10,2.67
9760592,40.73197652,-74.00285157,97,10,10,10,10,10,9,2.68
16560593,40.68186019,-73.91188199,99,10,10,10,10,10,10,2.68
15154905,40.7328678,-73.95211094,99,10,10,10,10,10,10,2.68
14238574,40.75539056,-73.83171677,99,10,10,10,10,10,10,2.68
16412449,40.7217751,-73.95769735,100,10,10,10,10,10,10,2.68
8210379,40.67799973,-73.97117898,97,10,9,10,10,10,10,2.69
19441240,40.81610811,-73.9441937,100,10,10,10,10,10,10,2.69
10090735,40.74155968,-74.00036608,96,10,9,10,10,10,9,2.7
12649685,40.73081392,-73.95551485,97,10,10,10,10,10,10,2.7
10270687,40.75691292,-73.9287944,98,10,10,10,10,10,10,2.7
13532647,40.76049792,-73.99455397,94,10,10,10,10,10,10,2.71
6134199,40.78926037,-73.96989103,95,10,10,10,10,10,9,2.71
17842893,40.71781961,-73.99705477,98,10,10,10,10,10,10,2.71
17478780,40.74121895,-73.85333948,98,10,10,10,10,10,10,2.71
12090975,40.68815754,-73.96915818,93,10,9,10,10,10,9,2.72
11674335,40.72961791,-73.98120581,98,10,10,10,10,10,10,2.72
6227980,40.72153704,-73.99895766,94,10,9,10,10,10,9,2.73
16740081,40.71423306,-73.99442052,96,10,9,9,10,10,10,2.73
13282587,40.75507887,-73.99345553,96,10,10,10,10,10,10,2.73
19101395,40.78696356,-73.97828452,96,10,10,10,10,10,9,2.73
16175674,40.723565,-73.95192859,97,10,10,10,10,10,10,2.73
7261444,40.77893941,-73.98652636,98,10,10,10,10,10,10,2.73
18840369,40.68403406,-73.94431521,100,10,10,9,10,10,10,2.73
5605790,40.69362917,-73.91329453,100,10,10,10,10,10,10,2.73
13789278,40.73029876,-73.98822759,91,10,9,10,10,10,9,2.74
6225501,40.71478969,-73.96048394,93,10,9,10,10,10,9,2.74
15772883,40.76152321,-73.98709885,98,10,10,10,10,10,10,2.74
8620134,40.77127305,-73.95174518,97,10,10,10,10,10,10,2.75
13623891,40.74409969,-73.98833899,97,10,10,10,10,10,9,2.76
8873479,40.73557145,-73.98352565,97,10,10,10,10,10,10,2.77
18498466,40.71555124,-73.94842301,100,10,10,10,10,10,10,2.77
4726941,40.72325077,-74.00990581,95,10,10,10,10,10,10,2.78
18059224,40.69489467,-73.93479237,92,10,9,9,10,10,9,2.79
4324388,40.67617527,-73.98200315,94,10,9,10,10,10,10,2.79
10573225,40.66509727,-73.98306768,97,10,10,10,10,10,10,2.79
3168311,40.73040314,-73.95577736,99,10,10,10,10,10,10,2.79
19890111,40.70460589,-74.00768262,100,10,10,10,10,10,10,2.79
18460506,40.71037251,-73.95442679,100,10,9,10,10,10,10,2.79
19876641,40.71982593,-73.95920488,100,10,8,10,10,10,10,2.79
3870797,40.75045078,-74.00319018,90,10,9,9,9,10,9,2.8
5328633,40.77530359,-73.902732,95,10,10,10,10,10,10,2.8
16133192,40.68246905,-73.99887065,96,10,10,9,9,10,9,2.8
476919,40.78321243,-73.95042906,96,10,10,10,10,10,10,2.8
19803002,40.72430858,-73.97834033,100,10,10,10,10,10,10,2.81
5045267,40.7677435,-73.99206823,94,10,10,10,10,10,9,2.82
19325952,40.70721096,-73.9112665,97,10,10,10,10,10,10,2.84
11743260,40.73641991,-73.99377399,97,10,10,10,10,10,9,2.85
2838331,40.72334907,-73.95080614,98,10,10,10,10,10,10,2.85
16086666,40.76612055,-73.95188862,98,10,10,10,10,10,10,2.85
19876501,40.75736238,-73.99506073,90,10,9,10,10,10,10,2.86
18124132,40.77812954,-73.98737163,95,10,10,9,9,10,10,2.86
15647143,40.79038962,-73.96789149,97,10,10,10,10,10,10,2.86
15080994,40.76275692,-73.98941564,99,10,10,10,10,10,10,2.86
2660412,40.65824304,-73.9755689,94,10,9,10,10,10,9,2.88
792835,40.71703148,-73.98612392,95,10,9,10,10,10,9,2.89
9434213,40.76595094,-73.99372341,95,10,10,10,10,10,10,2.89
7979237,40.67959885,-73.9694761,96,10,9,10,10,10,10,2.89
7036862,40.72257709,-73.99260752,96,10,9,10,10,10,9,2.89
13275792,40.71281308,-73.95126909,98,10,10,10,10,10,10,2.89
9752005,40.73737101,-74.00591029,98,10,10,10,10,10,10,2.89
4717034,40.73894307,-73.98448599,96,10,9,10,9,10,9,2.91
8241975,40.71207741,-73.95719448,97,10,10,10,10,10,10,2.91
3944233,40.75848203,-73.98413664,97,10,9,10,10,10,10,2.91
8547691,40.7632974,-73.98590792,98,10,9,10,10,10,10,2.91
8952816,40.76785936,-73.92433209,93,10,10,10,10,10,10,2.92
17024343,40.6795678,-73.97171014,96,10,9,10,10,10,9,2.92
17992378,40.7648565,-73.99243871,99,10,10,10,10,10,10,2.92
18503701,40.80584469,-73.95272304,100,10,10,10,10,10,10,2.92
19459993,40.71183118,-73.94385531,90,10,9,10,10,10,10,2.93
13217943,40.77476361,-73.9832855,99,10,10,10,10,10,10,2.93
16454703,40.61444331,-74.0297444,100,10,10,10,10,10,10,2.93
13092405,40.75733075,-73.96576974,95,10,10,10,9,10,9,2.94
4994266,40.75765445,-73.96466402,95,10,9,10,9,10,9,2.94
19709282,40.69967236,-73.92691733,100,10,10,10,10,10,10,2.94
19388247,40.74858581,-74.00198329,100,10,10,9,10,10,10,2.94
800918,40.7442979,-73.99723709,98,10,10,10,10,10,10,2.95
10101097,40.71839575,-73.95359097,99,10,10,10,10,10,10,2.95
18159825,40.77412269,-73.90609628,97,10,10,10,10,10,10,2.96
9968223,40.7190072,-73.9594018,99,10,10,10,10,10,10,2.96
18750897,40.74118817,-73.92256948,98,10,10,10,10,10,10,2.97
4922476,40.72058608,-73.99658903,96,10,10,10,10,10,9,2.98
15757745,40.69382735,-73.92771295,97,10,10,10,10,10,10,2.98
15282612,40.79392083,-73.94093078,98,10,10,10,10,10,10,2.98
1101035,40.68778887,-73.98517062,99,10,10,10,10,10,10,2.98
16164264,40.71916401,-73.99228749,96,10,9,10,10,10,10,2.99
2461540,40.75799302,-73.92005954,96,10,9,10,10,10,10,2.99
18996283,40.75168945,-73.97116038,85,10,9,10,10,10,10,3
19120953,40.68017781,-73.95519419,93,10,9,10,10,10,10,3
19469374,40.73040574,-73.98135164,93,10,10,10,10,10,9,3
4936023,40.75462449,-73.96869006,94,10,9,10,10,10,9,3
